site,plot,size,记录名称,中名,species,H1,H2,H3,H4,H5,H6,H7,H8,H9,H10,cover,production,investigator,recorder,time,Total cover(%),AH1,AH2,AH3,AH4,AH5
H,I-2,50cm*50cm,报春,,Primula amethystina subsp.argutidens,0.9,0.8,,,,,,,,,0.9,0.0318 ,张莉,彭阿辉,2015.07.24,,,,,,
H,I-4,50cm*50cm,草莓,,Fragaria orientalis,2,1.1,,,,,,,,,0.8,,张莉,彭阿辉,2015.07.25,,,,,,
H,I-2,50cm*50cm,草玉梅,,Anemone demissa,0.8,,,,,,,,,,0.2,0.0057 ,张莉,彭阿辉,2015.07.24,,,,,,
H,I-3,50cm*50cm,草玉梅,,Anemone demissa,1.2,2.3,,,,,,,,,0.7,0.1746 ,张莉,彭阿辉,2015.07.25,,,,,,
H,I-4,50cm*50cm,草玉梅,,Anemone demissa,3,,,,,,,,,,1,0.0690 ,张莉,彭阿辉,2015.07.25,,,,,,
H,I-5,50cm*50cm,草玉梅,,Anemone demissa,1.1,,,,,,,,,,0.8,0.0721 ,张莉,谭开军,2015.07.26,,,,,,
H,I-6,50cm*50cm,草玉梅,,Anemone demissa,1.2,2,,,,,,,,,0.4,0.0864 ,张莉,谭开军,2015.07.26,,,,,,
H,I-7,50cm*50cm,草玉梅,,Anemone demissa,2.6,1.8,3,1.5,,,,,,,1,0.2695 ,张莉,谭开军,2015.07.26,,,,,,
H,I-8,50cm*50cm,草玉梅,,Anemone demissa,1.4,2.4,,,,,,,,,0.5,0.0694 ,张莉,谭开军,2015.07.26,,,,,,
H,I-9,50cm*50cm,草玉梅,,Anemone demissa,1.5,2.4,,,,,,,,,2,0.3087 ,张莉,彭阿辉,2015.07.29,,,,,,
H,I-10,50cm*50cm,草玉梅,,Anemone demissa,3.5,2.5,2.1,,,,,,,,2,0.1647 ,张莉,何小红,2015.08.01,,,,,,
H,I-11,50cm*50cm,草玉梅,,Anemone demissa,1.1,1.3,,,,,,,,,0.6,0.0775 ,张莉,何小红,2015.08.01,,,,,,
H,I-13,50cm*50cm,草玉梅,,Anemone demissa,2.5,,,,,,,,,,0.5,0.2053 ,张莉,何小红,2015.08.01,,,,,,
H,I-3,50cm*50cm,抽葶藁本,,Ligusticum scapiforme,2.3,1.8,,,,,,,,,1.2,0.4523 ,张莉,彭阿辉,2015.07.25,,,,,,
H,I-5,50cm*50cm,抽葶藁本,,Ligusticum scapiforme,2.5,,,,,,,,,,1.2,0.2078 ,张莉,谭开军,2015.07.26,,,,,,
H,I-12,50cm*50cm,抽葶藁本,,Ligusticum scapiforme,1.3,,,,,,,,,,1.1,0.1996 ,张莉,何小红,2015.08.01,,,,,,
H,I-1,50cm*50cm,川西小黄菊,,Tanacetum tatsienense,1.1,1,2.2,0.8,1.5,2.3,2.8,,,,2.5,0.1845 ,张莉,彭阿辉,2015.07.24,,,,,,
H,I-2,50cm*50cm,川西小黄菊,,Tanacetum tatsienense,0.8,1,,,,,,,,,1.5,0.0847 ,张莉,彭阿辉,2015.07.24,,,,,,
H,I-3,50cm*50cm,川西小黄菊,,Tanacetum tatsienense,2.1,2.2,2.5,,,,,,,,1.3,0.1602 ,张莉,彭阿辉,2015.07.25,,,,,,
H,I-4,50cm*50cm,川西小黄菊,,Tanacetum tatsienense,0.8,0.6,0.8,0.6,0.4,0.5,0.3,0.8,,,5,0.6007 ,张莉,彭阿辉,2015.07.25,,,,,,
H,I-5,50cm*50cm,川西小黄菊,,Tanacetum tatsienense,1.2,1.1,2.5,0.8,2.3,0.8,0.5,0.8,0.4,,2,0.3017 ,张莉,谭开军,2015.07.26,,,,,,
H,I-6,50cm*50cm,川西小黄菊,,Tanacetum tatsienense,0.5,0.8,1.2,0.3,1.5,1.3,1.5,1.1,1.2,,4,0.2881 ,张莉,谭开军,2015.07.26,,,,,,
H,I-7,50cm*50cm,川西小黄菊,,Tanacetum tatsienense,4.5,3.4,1.2,3,1.1,1.1,2.4,1.5,2.5,1.8,5,0.6295 ,张莉,谭开军,2015.07.26,,,,,,
H,I-8,50cm*50cm,川西小黄菊,,Tanacetum tatsienense,2,1.5,1,,,,,,,,1.5,0.0442 ,张莉,谭开军,2015.07.26,,,,,,
H,I-9,50cm*50cm,川西小黄菊,,Tanacetum tatsienense,0.5,0.9,0.8,1.1,1.5,0.9,0.6,0.9,,,1.5,0.1718 ,张莉,彭阿辉,2015.07.29,,,,,,
H,I-10,50cm*50cm,川西小黄菊,,Tanacetum tatsienense,1.1,1.6,1.8,1.2,1.3,1.4,2.3,,,,3.1,0.4252 ,张莉,何小红,2015.08.01,,,,,,
H,I-11,50cm*50cm,川西小黄菊,,Tanacetum tatsienense,1.8,1.7,1.6,3.8,3.6,3.4,3.1,2.8,1.1,1.3,2.8,0.9991 ,张莉,何小红,2015.08.01,,,,,,
H,I-13,50cm*50cm,川西小黄菊,,Tanacetum tatsienense,1.8,1.3,1.1,0.9,0.9,2.5,1.4,3,2.8,0.5,5,0.4606 ,张莉,何小红,2015.08.01,,,,,,
H,I-1,50cm*50cm,灯芯草,,Juncus leucomelas,17,14,9,5,,,,,,,0.2,0.0202 ,张莉,彭阿辉,2015.07.24,,,,,,
H,I-3,50cm*50cm,灯芯草,,Juncus leucomelas,7.8,,,,,,,,,,0.1,0.0097 ,张莉,彭阿辉,2015.07.25,,,,,,
H,I-10,50cm*50cm,灯芯草,,Juncus leucomelas,9.1,,,,,,,,,,0.1,,张莉,何小红,2015.08.01,,,,,,
H,I-1,50cm*50cm,点地梅,,Androsace minor ,1,0.8,,,,,,,,,0.2,0.0542 ,张莉,彭阿辉,2015.07.24,,,,,,
H,I-5,50cm*50cm,点地梅,,Androsace minor ,0.8,0.7,1.1,1.3,1.1,2,1.6,1.3,1.1,0.8,25,2.2921 ,张莉,谭开军,2015.07.26,,,,,,
H,I-6,50cm*50cm,点地梅,,Androsace minor ,0.8,0.3,0.5,0.2,0.1,0.8,1.1,1.3,0.6,0.4,1.5,0.9352 ,张莉,谭开军,2015.07.26,,,,,,
H,I-7,50cm*50cm,点地梅,,Androsace minor ,0.5,,,,,,,,,,0.8,0.2746 ,张莉,谭开军,2015.07.26,,,,,,
H,I-8,50cm*50cm,点地梅,,Androsace minor ,0.6,0.4,3,1.5,1,1.2,0.5,0.4,1.2,1.1,1.5,0.8483 ,张莉,谭开军,2015.07.26,,,,,,
H,I-9,50cm*50cm,点地梅,,Androsace minor ,1.5,1.4,1.8,0.8,1.1,0.5,1.2,0.8,1.4,1.1,0.8,0.3015 ,张莉,彭阿辉,2015.07.29,,,,,,
H,I-10,50cm*50cm,点地梅,,Androsace minor ,1.1,0.8,1.4,0.6,0.6,0.8,1.4,1.6,1.1,0.8,16,8.4072 ,张莉,何小红,2015.08.01,,,,,,
H,I-11,50cm*50cm,点地梅,,Androsace minor ,0.5,0.4,0.6,0.4,0.9,1.1,0.8,0.4,0.1,0.2,8,2.2003 ,张莉,何小红,2015.08.01,,,,,,
H,I-12,50cm*50cm,点地梅,,Androsace minor ,0.5,1.1,0.7,0.3,0.6,0.7,0.5,0.6,0.5,0.6,3,0.2117 ,张莉,何小红,2015.08.01,,,,,,
H,I-13,50cm*50cm,点地梅,,Androsace minor ,1.8,1.8,1.5,1.6,1.9,1.2,1.7,1.8,1.5,1.6,2.4,0.8642 ,张莉,何小红,2015.08.01,,,,,,
H,I-13,50cm*50cm,点地梅,,Androsace minor ,1.8,0.5,0.9,0.8,1.1,1.1,0.8,0.6,0.5,0.4,5,0.8642 ,张莉,何小红,2015.08.01,,,,,,
H,I-1,50cm*50cm,东俄洛风毛菊,,Saussurea pachyneura,1.1,1.8,1.8,1.4,0.8,0.8,1.1,0.7,0.6,0.1,2.5,1.4614 ,张莉,彭阿辉,2015.07.24,,,,,,
H,I-3,50cm*50cm,东俄洛风毛菊,,Saussurea pachyneura,2,1.8,2.2,,,,,,,,2.2,1.1045 ,张莉,彭阿辉,2015.07.25,,,,,,
H,I-4,50cm*50cm,东俄洛风毛菊,,Saussurea pachyneura,1.5,,,,,,,,,,0.2,0.0263 ,张莉,彭阿辉,2015.07.25,,,,,,
H,I-8,50cm*50cm,东俄洛风毛菊,,Saussurea pachyneura,2.8,1.7,2,1.5,,,,,,,2,0.9246 ,张莉,谭开军,2015.07.26,,,,,,
H,I-9,50cm*50cm,东俄洛风毛菊,,Saussurea pachyneura,1.4,1.8,1.1,1.8,1.2,,,,,,6,1.3548 ,张莉,彭阿辉,2015.07.29,,,,,,
H,I-3,50cm*50cm,杜鹃,,Rhododendron websterianum,2,,,,,,,,,,0.2,0.0191 ,张莉,彭阿辉,2015.07.25,,,,,,
H,I-4,50cm*50cm,杜鹃,,Rhododendron websterianum,3.5,0.8,1,1.1,,,,,,,1,0.2448 ,张莉,彭阿辉,2015.07.25,,,,,,
H,I-5,50cm*50cm,杜鹃,,Rhododendron websterianum,1.5,1.1,0.8,0.9,0.7,,,,,,0.5,0.0382 ,张莉,谭开军,2015.07.26,,,,,,
H,I-6,50cm*50cm,杜鹃,,Rhododendron websterianum,1.5,1.1,,,,,,,,,0.1,,张莉,谭开军,2015.07.26,,,,,,
H,I-7,50cm*50cm,杜鹃,,Rhododendron websterianum,1.1,0.8,0.7,0.5,0.5,0.5,1.2,0.4,0.4,,0.8,0.2260 ,张莉,谭开军,2015.07.26,,,,,,
H,I-8,50cm*50cm,杜鹃,,Rhododendron websterianum,0.8,,,,,,,,,,0.2,,张莉,谭开军,2015.07.26,,,,,,
H,I-9,50cm*50cm,杜鹃,,Rhododendron websterianum,3.5,,,,,,,,,,0.5,0.1557 ,张莉,彭阿辉,2015.07.29,,,,,,
H,I-10,50cm*50cm,杜鹃,,Rhododendron websterianum,1.5,1.1,14,1.4,0.8,,,,,,0.5,0.0540 ,张莉,何小红,2015.08.01,,,,,,
H,I-12,50cm*50cm,杜鹃,,Rhododendron websterianum,0.8,,,,,,,,,,0.1,,张莉,何小红,2015.08.01,,,,,,
H,I-4,50cm*50cm,二叶盔花兰,,Galearis spathulata,1.1,1.2,2.8,2.2,,,,,,,2,0.1278 ,张莉,彭阿辉,2015.07.25,,,,,,
H,I-5,50cm*50cm,二叶盔花兰,,Galearis spathulata,2,1.6,2.1,1.1,,,,,,,1,0.2125 ,张莉,谭开军,2015.07.26,,,,,,
H,I-7,50cm*50cm,二叶盔花兰,,Galearis spathulata,3.4,2.5,2.4,2.6,2.8,1.8,2.5,2,1.8,2.2,3.5,0.5254 ,张莉,谭开军,2015.07.26,,,,,,
H,I-10,50cm*50cm,二叶盔花兰,,Galearis spathulata,1.2,2.2,2.5,1.9,2.4,,,,,,1.2,0.2034 ,张莉,何小红,2015.08.01,,,,,,
H,I-12,50cm*50cm,二叶盔花兰,,Galearis spathulata,2.8,,,,,,,,,,0.8,0.0233 ,张莉,何小红,2015.08.01,,,,,,
H,I-1,50cm*50cm,粉条儿菜,,Aletris pauciflora,4.6,4.5,,,,,,,,,0.5,0.0512 ,张莉,彭阿辉,2015.07.24,,,,,,
H,I-2,50cm*50cm,粉条儿菜,,Aletris pauciflora,2.6,3.8,1.8,2,2.2,,,,,,1.5,0.1942 ,张莉,彭阿辉,2015.07.24,,,,,,
H,I-3,50cm*50cm,粉条儿菜,,Aletris pauciflora,4.3,,,,,,,,,,0.4,0.0854 ,张莉,彭阿辉,2015.07.25,,,,,,
H,I-5,50cm*50cm,粉条儿菜,,Aletris pauciflora,2.3,2.5,2.1,2.2,2.3,2.1,,,,,0.8,0.2733 ,张莉,谭开军,2015.07.26,,,,,,
H,I-6,50cm*50cm,粉条儿菜,,Aletris pauciflora,2,1,3.5,,,,,,,,2.2,0.2568 ,张莉,谭开军,2015.07.26,,,,,,
H,I-7,50cm*50cm,粉条儿菜,,Aletris pauciflora,2.5,,,,,,,,,,0.3,0.0616 ,张莉,谭开军,2015.07.26,,,,,,
H,I-8,50cm*50cm,粉条儿菜,,Aletris pauciflora,2.3,2.2,,,,,,,,,1,0.3793 ,张莉,谭开军,2015.07.26,,,,,,
H,I-9,50cm*50cm,粉条儿菜,,Aletris pauciflora,1.9,,,,,,,,,,0.6,0.1848 ,张莉,彭阿辉,2015.07.29,,,,,,
H,I-10,50cm*50cm,粉条儿菜,,Aletris pauciflora,1.5,1.1,2.3,,,,,,,,2.8,0.1931 ,张莉,何小红,2015.08.01,,,,,,
H,I-11,50cm*50cm,粉条儿菜,,Aletris pauciflora,5.6,2.7,5.4,,,,,,,,0.5,0.2378 ,张莉,何小红,2015.08.01,,,,,,
H,I-1,50cm*50cm,禾叶风毛菊,,Saussurea stella,2.1,1.8,2.2,2.5,2.3,3.2,1.5,1.8,1.6,1.1,2.5,1.4937 ,张莉,彭阿辉,2015.07.24,,,,,,
H,I-2,50cm*50cm,禾叶风毛菊,,Saussurea stella,1.8,2,1.5,2.2,2.1,3.8,1.8,5.4,5.1,5.5,4,1.5408 ,张莉,彭阿辉,2015.07.24,,,,,,
H,I-3,50cm*50cm,禾叶风毛菊,,Saussurea stella,0.8,1.3,2.2,2.8,0.3,1.7,2.8,2.2,3.4,2.8,3.4,1.0834 ,张莉,彭阿辉,2015.07.25,,,,,,
H,I-4,50cm*50cm,禾叶风毛菊,,Saussurea stella,0.5,0.8,2.3,2.1,1.5,1.3,,,,,3.5,0.3442 ,张莉,彭阿辉,2015.07.25,,,,,,
H,I-5,50cm*50cm,禾叶风毛菊,,Saussurea stella,2.3,1.6,2.1,1.5,2.3,1.4,1.5,2.1,2.3,1.9,6,2.2642 ,张莉,谭开军,2015.07.26,,,,,,
H,I-9,50cm*50cm,禾叶风毛菊,,Saussurea stella,1.1,1.5,1.2,1.5,1.5,1.8,2,1,1.6,1.6,8,1.2603,张莉,彭阿辉,2015.07.29,,,,,,
H,I-12,50cm*50cm,禾叶风毛菊,,Saussurea stella,1.8,1.6,2.3,1.8,1.4,1.8,,,,,2,0.6552 ,张莉,何小红,2015.08.01,,,,,,
H,I-1,50cm*50cm,红景天,,Rhodiola fastigiata,4.1,2.1,2.5,1.3,,,,,,,1,0.3135 ,张莉,彭阿辉,2015.07.24,,,,,,
H,I-3,50cm*50cm,红景天,,Rhodiola fastigiata,1.8,,,,,,,,,,0.7,0.4953 ,张莉,彭阿辉,2015.07.25,,,,,,
H,I-4,50cm*50cm,红景天,,Rhodiola fastigiata,2.5,2.4,2.5,3,1,1.1,1.5,,,,0.8,0.4803 ,张莉,彭阿辉,2015.07.25,,,,,,
H,I-5,50cm*50cm,红景天,,Rhodiola fastigiata,1.6,0.8,0.4,,,,,,,,0.4,0.0551 ,张莉,谭开军,2015.07.26,,,,,,
H,I-6,50cm*50cm,红景天,,Rhodiola fastigiata,1.5,1.4,1.1,2,2.5,1.9,1.2,1.3,1.3,1.5,1.8,0.8107 ,张莉,谭开军,2015.07.26,,,,,,
H,I-8,50cm*50cm,红景天,,Rhodiola fastigiata,1.6,1.3,1.2,2,2.2,2.1,1.8,1.1,1.5,1.4,2.5,1.0351 ,张莉,谭开军,2015.07.26,,,,,,
H,I-9,50cm*50cm,红景天,,Rhodiola fastigiata,1.5,,,,,,,,,,0.3,0.0180 ,张莉,彭阿辉,2015.07.29,,,,,,
H,I-11,50cm*50cm,红景天,,Rhodiola fastigiata,4.5,1.8,2.1,,,,,,,,1,0.3154 ,张莉,何小红,2015.08.01,,,,,,
H,I-13,50cm*50cm,红景天,,Rhodiola fastigiata,2.4,2.8,1.2,1.1,0.9,0.7,0.6,0.5,0.4,1,2.5,0.6501 ,张莉,何小红,2015.08.01,,,,,,
H,I-9,50cm*50cm,黄花报春,,Primula.sp,0.8,0.5,0.6,0.9,0.6,0.6,0.6,0.5,0.5,1.1,7,1.6725 ,张莉,彭阿辉,2015.07.29,,,,,,
H,I-2,50cm*50cm,黄芪,,Astragalus skythropos,1.1,1,1.3,1.5,0.8,,,,,,1,0.1092 ,张莉,彭阿辉,2015.07.24,,,,,,
H,I-3,50cm*50cm,黄芪,,Astragalus skythropos,3,2.4,3.1,1.8,3.1,,,,,,1,0.4731 ,张莉,彭阿辉,2015.07.25,,,,,,
H,I-5,50cm*50cm,黄芪,,Astragalus skythropos,2.3,,,,,,,,,,0.5,0.0776 ,张莉,谭开军,2015.07.26,,,,,,
H,I-12,50cm*50cm,黄芪,,Astragalus skythropos,2.3,,,,,,,,,,0.6,0.5041 ,张莉,何小红,2015.08.01,,,,,,
H,I-1,50cm*50cm,混合,,mix,,,,,,,,,,,,4.1823 ,张莉,彭阿辉,2015.07.24,,,,,,
H,I-9,50cm*50cm,混合,,mix,,,,,,,,,,,,7.3973 ,张莉,彭阿辉,2015.07.29,,,,,,
H,I-1,50cm*50cm,剪股颖,,Agrostis,6.7,,,,,,,,,,1,0.0211 ,张莉,彭阿辉,2015.07.24,,,,,,
H,I-6,50cm*50cm,景天,,Rhodiola bupleuroides,1.2,1.3,1.5,,,,,,,,0.4,0.0157 ,张莉,谭开军,2015.07.26,,,,,,
H,I-7,50cm*50cm,景天,,Rhodiola bupleuroides,0.5,1.5,,,,,,,,,0.2,0.0065 ,张莉,谭开军,2015.07.26,,,,,,
H,I-1,50cm*50cm,康定风毛菊,,Saussurea ceterach,0.8,1.3,1.3,1.2,1.2,1.1,0.8,2.3,1.3,2.2,5,2.0932 ,张莉,彭阿辉,2015.07.24,,,,,,
H,I-2,50cm*50cm,康定风毛菊,,Saussurea ceterach,0.8,0.1,0.5,1.2,1.1,0.8,0.9,0.7,0.6,1.1,5,0.9591 ,张莉,彭阿辉,2015.07.24,,,,,,
H,I-3,50cm*50cm,康定风毛菊,,Saussurea ceterach,0.5,0.3,0.2,0.4,0.8,0.9,0.7,0.8,,,0.9,0.3056 ,张莉,彭阿辉,2015.07.25,,,,,,
H,I-4,50cm*50cm,康定风毛菊,,Saussurea ceterach,1.4,2,1.8,0.1,0.5,0.4,0.8,0.5,0.3,0.8,10,4.3190 ,张莉,彭阿辉,2015.07.25,,,,,,
H,I-5,50cm*50cm,康定风毛菊,,Saussurea ceterach,0.5,0.4,0.4,0.6,0.8,0.5,0.4,0.3,0.8,0.7,3,0.6919 ,张莉,谭开军,2015.07.26,,,,,,
H,I-6,50cm*50cm,康定风毛菊,,Saussurea ceterach,0.8,2.1,1.9,0.7,0.5,1.3,1.2,1.8,1.5,1.5,6,0.8349 ,张莉,谭开军,2015.07.26,,,,,,
H,I-7,50cm*50cm,康定风毛菊,,Saussurea ceterach,0.5,0.3,1.8,,,,,,,,0.5,0.1804 ,张莉,谭开军,2015.07.26,,,,,,
H,I-8,50cm*50cm,康定风毛菊,,Saussurea ceterach,1.6,2,1.1,1.6,1.7,1.2,1,1.3,1.2,1.4,0.8,0.2032 ,张莉,谭开军,2015.07.26,,,,,,
H,I-9,50cm*50cm,康定风毛菊,,Saussurea ceterach,0.8,0.4,0.6,0.8,0.5,1,0.6,0.5,0.4,0.6,6,0.8502 ,张莉,彭阿辉,2015.07.29,,,,,,
H,I-10,50cm*50cm,康定风毛菊,,Saussurea ceterach,0.8,0.5,0.4,0.4,0.3,0.8,0.4,0.5,0.4,0.6,3.5,0.4313 ,张莉,何小红,2015.08.01,,,,,,
H,I-11,50cm*50cm,康定风毛菊,,Saussurea ceterach,0.8,0.9,1.1,0.6,0.5,0.8,1.2,1.1,1.3,0.9,4,1.2667 ,张莉,何小红,2015.08.01,,,,,,
H,I-12,50cm*50cm,康定风毛菊,,Saussurea ceterach,1.1,0.7,0.5,0.3,0.8,0.7,0.4,0.8,0.7,0.6,4,0.4616 ,张莉,何小红,2015.08.01,,,,,,
H,I-13,50cm*50cm,康定风毛菊,,Saussurea ceterach,0.8,0.7,0.6,0.8,1.2,1.3,0.9,0.7,0.6,0.7,8.5,2.7325 ,张莉,何小红,2015.08.01,,,,,,
H,I-2,50cm*50cm,宽叶羊茅,,Deyeuxia pulchella,4.5,7.5,3.4,6.1,8.2,,,,,,2.5,0.9497 ,张莉,彭阿辉,2015.07.24,,,,,,
H,I-3,50cm*50cm,宽叶羊茅,,Deyeuxia pulchella,5.6,6.7,5.6,2.3,5.1,6.7,,,,,1,0.4696 ,张莉,彭阿辉,2015.07.25,,,,,,
H,I-4,50cm*50cm,宽叶羊茅,,Deyeuxia pulchella,6.7,5.5,5.6,6,5.1,3.4,,,,,1,0.3130 ,张莉,彭阿辉,2015.07.25,,,,,,
H,I-5,50cm*50cm,宽叶羊茅,,Deyeuxia pulchella,3.5,4.2,4.5,4.5,4.3,4.5,5.6,,,,0.8,0.4548 ,张莉,谭开军,2015.07.26,,,,,,
H,I-6,50cm*50cm,宽叶羊茅,,Deyeuxia pulchella,5.5,,,,,,,,,,0.2,0.3686 ,张莉,谭开军,2015.07.26,,,,,,
H,I-7,50cm*50cm,宽叶羊茅,,Deyeuxia pulchella,3.4,2.8,5.5,3,4.5,4.1,3,5.6,5.5,4.5,4,1.6347 ,张莉,谭开军,2015.07.26,,,,,,
H,I-8,50cm*50cm,宽叶羊茅,,Deyeuxia pulchella,5.5,5.6,5.2,4.2,4,6.7,7,4.5,8.9,4.7,3,0.7505 ,张莉,谭开军,2015.07.26,,,,,,
H,I-9,50cm*50cm,宽叶羊茅,,Deyeuxia pulchella,7.8,6,5.5,4.5,6,,,,,,1.2,0.6332 ,张莉,彭阿辉,2015.07.29,,,,,,
H,I-10,50cm*50cm,宽叶羊茅,,Deyeuxia pulchella,4.5,4.3,3.4,4.6,5.2,6.5,7.4,5.6,3.6,4.2,2,0.7021 ,张莉,何小红,2015.08.01,,,,,,
H,I-11,50cm*50cm,宽叶羊茅,,Deyeuxia pulchella,3.8,4.3,2.8,3.8,8.7,3.8,7.8,6.5,3.5,3.1,1.8,0.2703 ,张莉,何小红,2015.08.01,,,,,,
H,I-12,50cm*50cm,宽叶羊茅,,Deyeuxia pulchella,5.6,4.6,4.3,6.4,3.8,6.5,4.3,4.5,6.7,5.3,2,0.1546,张莉,何小红,2015.08.01,,,,,,
H,I-13,50cm*50cm,宽叶羊茅,,Deyeuxia pulchella,4.5,7.2,5.4,4.1,5.6,4.3,,,,,1,0.2457 ,张莉,何小红,2015.08.01,,,,,,
H,I-1,50cm*50cm,蓝钟花,,Cyananthus incanus,1.5,1.8,0.8,1.5,2.2,1.5,2,,,,1,0.5987 ,张莉,彭阿辉,2015.07.24,,,,,,
H,I-2,50cm*50cm,蓝钟花,,Cyananthus incanus,2.6,1.8,2.1,,,,,,,,0.8,0.0501 ,张莉,彭阿辉,2015.07.24,,,,,,
H,I-3,50cm*50cm,蓝钟花,,Cyananthus incanus,1.8,2.1,2.3,2.1,1.6,1.9,1.8,1.2,1.2,1.3,1.5,0.1667 ,张莉,彭阿辉,2015.07.25,,,,,,
H,I-4,50cm*50cm,蓝钟花,,Cyananthus incanus,1,0.8,0.9,1,1,1.1,1.7,1.6,1,1,4,1.3067 ,张莉,彭阿辉,2015.07.25,,,,,,
H,I-5,50cm*50cm,蓝钟花,,Cyananthus incanus,0.8,0.6,0.5,0.3,0.5,0.5,1.4,1.3,0.8,1.2,2.5,0.4844 ,张莉,谭开军,2015.07.26,,,,,,
H,I-6,50cm*50cm,蓝钟花,,Cyananthus incanus,1.2,1.5,1.8,0.8,1.1,1.3,1.1,0.9,1.2,2,2,0.2974 ,张莉,谭开军,2015.07.26,,,,,,
H,I-7,50cm*50cm,蓝钟花,,Cyananthus incanus,1.1,1.2,1.3,1.4,1.5,1.8,1.1,2,1.1,2.3,2.5,1.3168 ,张莉,谭开军,2015.07.26,,,,,,
H,I-8,50cm*50cm,蓝钟花,,Cyananthus incanus,1.5,1.8,1.2,1.1,0.8,1.3,1.2,2.4,1.8,0.5,2.5,0.3962 ,张莉,谭开军,2015.07.26,,,,,,
H,I-9,50cm*50cm,蓝钟花,,Cyananthus incanus,1.8,1.5,1.8,1.6,1.1,1.1,1.5,2,1.6,2.3,4,1.1753 ,张莉,彭阿辉,2015.07.29,,,,,,
H,I-10,50cm*50cm,蓝钟花,,Cyananthus incanus,2.1,2,1.3,1.1,1.6,1.4,1.8,0.8,0.4,1.1,4,0.1876 ,张莉,何小红,2015.08.01,,,,,,
H,I-11,50cm*50cm,蓝钟花,,Cyananthus incanus,1.1,1.3,1.2,0.8,0.7,0.6,1.8,2.3,1.8,1.1,3,0.6201 ,张莉,何小红,2015.08.01,,,,,,
H,I-12,50cm*50cm,蓝钟花,,Cyananthus incanus,2.2,0.5,0.6,0.8,0.5,0.5,0.4,0.4,0.5,0.5,2,0.1867 ,张莉,何小红,2015.08.01,,,,,,
H,I-13,50cm*50cm,蓝钟花,,Cyananthus incanus,0.8,0.7,0.6,0.8,1.2,1.3,0.9,0.7,0.6,0.7,5,1.8718 ,张莉,何小红,2015.08.01,,,,,,
H,I-1,50cm*50cm,龙胆,,Gentiana crassula,0.8,0.3,1.5,1.3,1.9,2.1,,,,,0.8,0.1681 ,张莉,彭阿辉,2015.07.24,,,,,,
H,I-2,50cm*50cm,龙胆,,Gentiana crassula,2,1.7,2.1,1.8,1.6,1.1,1.5,0.8,1.1,0.8,1,0.1285 ,张莉,彭阿辉,2015.07.24,,,,,,
H,I-3,50cm*50cm,龙胆,,Gentiana crassula,1.8,1.8,1.3,2.1,,,,,,,0.5,0.1242 ,张莉,彭阿辉,2015.07.25,,,,,,
H,I-4,50cm*50cm,龙胆,,Gentiana crassula,0.8,0.9,0.3,0.8,0.7,0.6,0.5,1.3,1.8,1.2,1,0.2664 ,张莉,彭阿辉,2015.07.25,,,,,,
H,I-5,50cm*50cm,龙胆,,Gentiana crassula,0.5,0.4,0.3,0.8,1.1,1.3,1.8,0.8,0.3,0.5,1,0.2477 ,张莉,谭开军,2015.07.26,,,,,,
H,I-6,50cm*50cm,龙胆,,Gentiana crassula,1.1,1.3,1.5,1.5,1.2,0.9,0.8,0.7,1.1,0.5,2.5,0.3328 ,张莉,谭开军,2015.07.26,,,,,,
H,I-7,50cm*50cm,龙胆,,Gentiana crassula,1,1.2,1.8,1.6,0.9,1.3,1.1,1.4,0.8,0.3,1,0.1831 ,张莉,谭开军,2015.07.26,,,,,,
H,I-8,50cm*50cm,龙胆,,Gentiana crassula,1.2,1.1,0.8,0.7,1.1,1.2,1.6,0.9,0.9,1.1,1.5,0.3814 ,张莉,谭开军,2015.07.26,,,,,,
H,I-9,50cm*50cm,龙胆,,Gentiana crassula,0.8,1.3,0.9,0.7,0.7,1.1,1.3,0.8,0.8,,0.5,0.1485 ,张莉,彭阿辉,2015.07.29,,,,,,
H,I-10,50cm*50cm,龙胆,,Gentiana crassula,0.8,0.6,0.6,1.1,0.3,0.8,1.2,0.8,0.6,0.5,1,0.0238 ,张莉,何小红,2015.08.01,,,,,,
H,I-11,50cm*50cm,龙胆,,Gentiana crassula,1.8,1.5,0.9,0.3,0.5,0.9,1,1.1,1.3,1.2,1.8,0.2954 ,张莉,何小红,2015.08.01,,,,,,
H,I-12,50cm*50cm,龙胆,,Gentiana crassula,0.8,0.7,0.6,1.1,1,0.9,0.8,0.7,0.7,0.8,1.5,0.0385 ,张莉,何小红,2015.08.01,,,,,,
H,I-13,50cm*50cm,龙胆,,Gentiana crassula,1.2,1.4,1.8,0.9,0.7,0.5,0.6,0.8,0.7,0.5,3,0.7345 ,张莉,何小红,2015.08.01,,,,,,
H,I-1,50cm*50cm,驴蹄草,,Oxygraphis glacialis,2,2,2.3,,,,,,,,0.2,0.0189 ,张莉,彭阿辉,2015.07.24,,,,,,
H,I-5,50cm*50cm,驴蹄草,,Oxygraphis glacialis,1.8,,,,,,,,,,0.2,0.0163 ,张莉,谭开军,2015.07.26,,,,,,
H,I-6,50cm*50cm,驴蹄草,,Oxygraphis glacialis,1.2,2,2.5,2,1.8,2.3,0.9,1.1,1.1,2,4,0.1717 ,张莉,谭开军,2015.07.26,,,,,,
H,I-7,50cm*50cm,驴蹄草,,Oxygraphis glacialis,1,1.5,1.1,0.8,,,,,,,1,0.1004 ,张莉,谭开军,2015.07.26,,,,,,
H,I-8,50cm*50cm,驴蹄草,,Oxygraphis glacialis,2.5,,,,,,,,,,0.8,0.1202 ,张莉,谭开军,2015.07.26,,,,,,
H,I-9,50cm*50cm,驴蹄草,,Oxygraphis glacialis,0.8,0.8,0.9,0.6,,,,,,,0.8,0.0554 ,张莉,彭阿辉,2015.07.29,,,,,,
H,I-2,50cm*50cm,马先蒿,,Pedicularis.sp,1.6,,,,,,,,,,0.1,,张莉,彭阿辉,2015.07.24,,,,,,
H,I-3,50cm*50cm,马先蒿,,Pedicularis.sp,2.5,,,,,,,,,,0.3,0.0701 ,张莉,彭阿辉,2015.07.25,,,,,,
H,I-12,50cm*50cm,马先蒿,,Pedicularis.sp,3.2,,3.1,,,,,,,,0.5,,张莉,何小红,2015.08.01,,,,,,
H,I-7,50cm*50cm,三叉龙胆,,Gentiana trichotoma ,2.3,,,,,,,,,,0.5,0.0572 ,张莉,谭开军,2015.07.26,,,,,,
H,I-11,50cm*50cm,三叉龙胆,,Gentiana trichotoma ,3.4,3.5,,,,,,,,,0.6,0.0391 ,张莉,何小红,2015.08.01,,,,,,
H,I-2,50cm*50cm,山莓草,,Sibbaldia pentaphylla,0.9,0.8,0.6,1,0.8,1.1,0.5,1.2,1.5,0.8,1,0.0653 ,张莉,彭阿辉,2015.07.24,,,,,,
H,I-4,50cm*50cm,山莓草,,Sibbaldia pentaphylla,1.1,1.2,1.3,0.9,0.8,1.3,0.5,0.6,0.7,,0.5,0.0294 ,张莉,彭阿辉,2015.07.25,,,,,,
H,I-7,50cm*50cm,山莓草,,Sibbaldia pentaphylla,1.2,1.1,0.7,0.8,,,,,,,0.5,0.9960 ,张莉,谭开军,2015.07.26,,,,,,
H,I-9,50cm*50cm,山莓草,,Sibbaldia pentaphylla,1,0.9,0.9,0.9,0.6,1.1,0.5,,,,0.5,,张莉,彭阿辉,2015.07.29,,,,,,
H,I-1,50cm*50cm,苔草2,,Kobresia cercostachys,7.5,11,7.8,8.2,8,7.6,13,8.1,7.6,4,25,8.0105 ,张莉,彭阿辉,2015.07.24,88,4.5,2.5,5.6,3.7,7.8
H,I-2,50cm*50cm,苔草2,,Kobresia cercostachys,3.4,5.5,1.2,4.8,3.2,3.8,4.1,2.2,,,1,0.1956 ,张莉,彭阿辉,2015.07.24,75,4.5,4.6,3.3,5,2.8
H,I-3,50cm*50cm,苔草2,,Kobresia cercostachys,3.4,2.3,,,,,,,,,0.8,0.2041 ,张莉,彭阿辉,2015.07.25,,,,,,
H,I-4,50cm*50cm,苔草2,,Kobresia cercostachys,3.9,4.5,5,4.3,4.2,6.7,6.7,6.5,7,5.4,10,5.3400 ,张莉,彭阿辉,2015.07.25,70,5.5,7,6,6.8,4.5
H,I-5,50cm*50cm,苔草2,,Kobresia cercostachys,3.5,7.8,5.3,5.5,6.2,4.5,6.1,7.8,8.3,5.5,18,8.5922 ,张莉,谭开军,2015.07.26,85,4.1,7.3,8.2,4.2,5.1
H,I-6,50cm*50cm,苔草2,,Kobresia cercostachys,3.4,4.5,5.5,6.7,6.8,7.2,7.3,8.1,5.5,4.5,16,7.0275 ,张莉,谭开军,2015.07.26,80,5.6,5.4,7.8,8.2,6.7
H,I-7,50cm*50cm,苔草2,,Kobresia cercostachys,11,8.7,6.5,7,4.3,,,,,7.8,2.2,1.2698 ,张莉,谭开军,2015.07.26,,,,,,
H,I-8,50cm*50cm,苔草2,,Kobresia cercostachys,2.5,2.7,3.5,4,4.7,6.2,6.2,5.5,7,4,5,1.9215 ,张莉,谭开军,2015.07.26,,,,,,
H,I-9,50cm*50cm,苔草2,,Kobresia cercostachys,3.5,3.6,4.6,3.4,6.5,8.9,7,6.5,8,6,20,7.4098,张莉,彭阿辉,2015.07.29,78,5.6,5.2,3.4,2.1,1.8
H,I-10,50cm*50cm,苔草2,,Kobresia cercostachys,9.2,8.4,8.4,6.9,6.7,10,11,13,,,5.4,2.8674 ,张莉,何小红,2015.08.01,78,4.3,3.6,5.4,3,3.3
H,I-11,50cm*50cm,苔草2,,Kobresia cercostachys,3.2,8.6,9.2,9.8,8.7,5.6,2.8,4.5,3.6,5.4,9,5.5978 ,张莉,何小红,2015.08.01,65,3.4,7.2,2.8,3.4,4.5
H,I-12,50cm*50cm,苔草2,,Kobresia cercostachys,7.4,7.2,6.3,5.6,5.8,7.4,8.6,7.2,5.9,4.9,10,6.3325,张莉,何小红,2015.08.01,75,3.4,4.3,2.8,3.1,2.9
H,I-13,50cm*50cm,苔草2,,Kobresia cercostachys,5.5,4.5,9.8,5.7,6.7,5.2,9.7,6.7,1.3,1,20,9.4297 ,张莉,何小红,2015.08.01,78,5.4,4.2,4.3,4.2,4.1
H,I-3,50cm*50cm,苔草3,,Kobresia pygmaea,4.7,5.3,3.8,2.1,,,,,,,4,6.0784 ,张莉,彭阿辉,2015.07.25,,,,,,
H,I-6,50cm*50cm,苔草3,,Kobresia pygmaea,5.2,4.5,2.4,4.5,3.4,4.5,2.1,5,5,5.2,4,4.6241 ,张莉,谭开军,2015.07.26,,,,,,
H,I-7,50cm*50cm,苔草3,,Kobresia pygmaea,5.5,4.5,4.4,11,4.4,7.8,2.5,3.4,4,0.4,16,5.0265 ,张莉,谭开军,2015.07.26,,,,,,
H,I-8,50cm*50cm,苔草3,,Kobresia pygmaea,2.3,0.5,3.4,2.5,2.3,2.8,1.8,4,4.5,,6,4.3646 ,张莉,谭开军,2015.07.26,,,,,,
H,I-11,50cm*50cm,苔草3,,Kobresia pygmaea,3.4,3.8,1.8,3.3,4.5,4.7,4.3,3.8,2.9,3.7,3.5,0.6982 ,张莉,何小红,2015.08.01,,,,,,
H,I-12,50cm*50cm,苔草3,,Kobresia pygmaea,3.8,3.7,2.3,3.1,2.9,2.7,3.4,3.4,4.2,4.3,10,1.9990 ,张莉,何小红,2015.08.01,,,,,,
H,I-13,50cm*50cm,苔草3,,Kobresia pygmaea,2.8,6.3,5.6,4.3,5.2,3.5,4.1,1.8,1.7,1.6,4,1.3915 ,张莉,何小红,2015.08.01,,,,,,
H,I-1,50cm*50cm,太白山葱,,Allium prattii,2.5,2.8,2.7,2.1,3.2,2.8,3.3,3.7,4,,1,0.1831 ,张莉,彭阿辉,2015.07.24,,,,,,
H,I-2,50cm*50cm,太白山葱,,Allium prattii,4.4,3.5,2.8,2.5,7.1,5.8,3.8,5.4,5.1,5.5,1,0.1342 ,张莉,彭阿辉,2015.07.24,,,,,,
H,I-3,50cm*50cm,太白山葱,,Allium prattii,4.1,5.2,3.8,5.1,3.4,2.1,3.4,3.4,2.8,3.1,1.8,0.2541 ,张莉,彭阿辉,2015.07.25,,,,,,
H,I-4,50cm*50cm,太白山葱,,Allium prattii,1.5,1,1.5,4,4.1,2.5,2.6,3.7,3.5,3.3,1,0.1321 ,张莉,彭阿辉,2015.07.25,,,,,,
H,I-5,50cm*50cm,太白山葱,,Allium prattii,6.2,2.3,2.5,2.4,,,,,,,0.8,0.1317 ,张莉,谭开军,2015.07.26,,,,,,
H,I-6,50cm*50cm,太白山葱,,Allium prattii,2.5,,,,,,,,,,0.8,0.1182 ,张莉,谭开军,2015.07.26,,,,,,
H,I-7,50cm*50cm,太白山葱,,Allium prattii,4.5,4.1,4.3,5.2,5.5,6,3.4,3,2.8,1.2,0.8,0.3591 ,张莉,谭开军,2015.07.26,,,,,,
H,I-8,50cm*50cm,太白山葱,,Allium prattii,4.5,5.3,2.5,3,2.1,4,3.4,,,,0.5,0.0861 ,张莉,谭开军,2015.07.26,,,,,,
H,I-9,50cm*50cm,太白山葱,,Allium prattii,1.2,,,,,,,,,,0.3,0.0537 ,张莉,彭阿辉,2015.07.29,,,,,,
H,I-10,50cm*50cm,太白山葱,,Allium prattii,2.6,1.1,4.5,,,,,,,,1.3,0.0766 ,张莉,何小红,2015.08.01,,,,,,
H,I-10,50cm*50cm,委陵菜,,Potentilla stenophylla,1.5,1.2,2.1,1.6,2.1,1.1,2.3,1.2,1.8,1.6,18,6.1174 ,张莉,何小红,2015.08.01,,,,,,
H,I-1,50cm*50cm,细苔草,,Kobresia.sp1,3.3,4.5,5.2,4.8,4.6,4.5,8.2,5.4,6.7,4.3,5,6.5591 ,张莉,彭阿辉,2015.07.24,,,,,,
H,I-2,50cm*50cm,细苔草,,Kobresia.sp1,4.1,3.8,4.5,6,4.6,3.8,7.8,4.6,5.1,6.2,23,8.1988 ,张莉,彭阿辉,2015.07.24,,,,,,
H,I-3,50cm*50cm,细苔草,,Kobresia.sp1,4.5,5.1,2.4,2.5,5.3,3.6,4.5,5.6,3.1,3.4,1.8,5.7483 ,张莉,彭阿辉,2015.07.25,,,,,,
H,I-4,50cm*50cm,细苔草,,Kobresia.sp1,4.5,4.3,5,5.2,4.3,4,5.5,4,3.8,5.2,12,5.6124 ,张莉,彭阿辉,2015.07.25,,,,,,
H,I-5,50cm*50cm,细苔草,,Kobresia.sp1,3.4,3.5,7.8,5.5,4.5,4.3,4.2,12,5.5,4.3,10,4.1651 ,张莉,谭开军,2015.07.26,,,,,,
H,I-6,50cm*50cm,细苔草,,Kobresia.sp1,4.5,2.3,3.5,6.5,5.5,4.5,4,7.8,4.5,5.2,12,8.4410 ,张莉,谭开军,2015.07.26,,,,,,
H,I-7,50cm*50cm,细苔草,,Kobresia.sp1,5.6,6,4.4,4.5,5.2,4.3,4.5,5.5,6,5.2,8,10.0744 ,张莉,谭开军,2015.07.26,,,,,,
H,I-8,50cm*50cm,细苔草,,Kobresia.sp1,5.6,6,6.2,5.5,3.5,9,8.9,4.5,7.8,6.5,12,8.1004 ,张莉,谭开军,2015.07.26,,,,,,
H,I-9,50cm*50cm,细苔草,,Kobresia.sp1,3.4,5.2,5.5,6,5.5,5.3,4.2,4,4.5,4.4,20,6.5541,张莉,彭阿辉,2015.07.29,,,,,,
H,I-10,50cm*50cm,细苔草,,Kobresia.sp1,3.8,5.6,4.8,3.6,4.7,5.5,6.2,6.4,5.6,5.8,15,9.0718 ,张莉,何小红,2015.08.01,,,,,,
H,I-11,50cm*50cm,细苔草,,Kobresia.sp1,2.8,4.3,3.8,3.4,3.8,2.8,5.4,5.5,3.8,4.2,3,5.6245 ,张莉,何小红,2015.08.01,,,,,,
H,I-12,50cm*50cm,细苔草,,Kobresia.sp1,4.3,4.5,4.3,4.3,4.1,5.4,6.7,4.5,5.4,5.5,15,9.0179,张莉,何小红,2015.08.01,,,,,,
H,I-13,50cm*50cm,细苔草,,Kobresia.sp1,11,12,7.2,5.6,6.2,7.2,7.8,11,10.8,9.2,10,3.9497 ,张莉,何小红,2015.08.01,,,,,,
H,I-1,50cm*50cm,狭叶委陵菜,,Potentilla stenophylla,2.1,2.4,2.1,1.8,1.9,2,1.6,2.1,2.4,3.3,40,17.6915 ,张莉,彭阿辉,2015.07.24,,,,,,
H,I-2,50cm*50cm,狭叶委陵菜,,Potentilla stenophylla,2,3,2.5,0.8,1,0.8,2.1,1.2,1.4,1.8,8,1.0134 ,张莉,彭阿辉,2015.07.24,,,,,,
H,I-3,50cm*50cm,狭叶委陵菜,,Potentilla stenophylla,1.8,2.3,1.5,2.2,1.5,2.2,2.5,3.4,2.7,2.9,36,17.8845 ,张莉,彭阿辉,2015.07.25,83,5.6,1.2,3.4,5.1,2.7
H,I-4,50cm*50cm,狭叶委陵菜,,Potentilla stenophylla,1.6,1.1,0.4,0.8,0.3,0.7,1.1,1.3,1.1,0.5,5,3.8778 ,张莉,彭阿辉,2015.07.25,,,,,,
H,I-5,50cm*50cm,狭叶委陵菜,,Potentilla stenophylla,1.1,1.2,0.8,1.3,1.4,1.1,0.8,0.7,1.5,1.3,20,8.2222 ,张莉,谭开军,2015.07.26,,,,,,
H,I-6,50cm*50cm,狭叶委陵菜,,Potentilla stenophylla,3.5,4.5,5.2,2.5,2.5,1.5,1.1,1.3,1.1,1.1,20,4.0543 ,张莉,谭开军,2015.07.26,,,,,,
H,I-7,50cm*50cm,狭叶委陵菜,,Potentilla stenophylla,2.8,2.5,2.1,1.5,1.3,2.2,1.8,3,3.2,2.4,51,21.2299 ,张莉,谭开军,2015.07.26,87,10.1,4.5,8.2,6.7,6.5
H,I-8,50cm*50cm,狭叶委陵菜,,Potentilla stenophylla,1.6,2,1.1,1.6,1.7,1.2,2.1,2,1.8,1.6,25,12.2822 ,张莉,谭开军,2015.07.26,,,,,,
H,I-11,50cm*50cm,狭叶委陵菜,,Potentilla stenophylla,1.1,0.8,0.6,0.9,1.4,1.6,2.4,1.2,0.8,2.1,20,5.6849 ,张莉,何小红,2015.08.01,,,,,,
H,I-12,50cm*50cm,狭叶委陵菜,,Potentilla stenophylla,1.4,0.8,0.8,0.7,1.1,1.7,1.2,0.8,0.6,0.7,12,3.61887,张莉,何小红,2015.08.01,,,,,,
H,I-13,50cm*50cm,狭叶委陵菜,,Potentilla stenophylla,1.3,1.5,1.1,1,13.4,4.2,5.6,3.9,3.2,2.7,10,4.4397 ,张莉,何小红,2015.08.01,,,,,,
H,I-3,50cm*50cm,像老,,Sibbaldia pentaphylla,1.2,1.8,2.1,1.3,0.5,0.4,0.7,0.8,1.1,0.9,3.2,2.8726 ,张莉,彭阿辉,2015.07.25,,,,,,
H,I-5,50cm*50cm,像老,,Sibbaldia pentaphylla,0.5,0.4,1,0.8,0.4,0.3,0.8,1,0.9,1.1,3.5,2.1433 ,张莉,谭开军,2015.07.26,,,,,,
H,I-6,50cm*50cm,像老,,Sibbaldia pentaphylla,1.4,1.5,1.9,1.2,1.3,1.5,1.7,1.8,1.1,1.2,3,1.2495 ,张莉,谭开军,2015.07.26,,,,,,
H,I-8,50cm*50cm,像老,,Sibbaldia pentaphylla,1.5,1.2,1.3,1.1,1.2,1.1,1.2,2.1,1,0.9,10,4.1323 ,张莉,谭开军,2015.07.26,90,4.5,7,6.5,3.5,5.5
H,I-11,50cm*50cm,像老,,Sibbaldia pentaphylla,1.5,1.5,1.2,,,,,,,,1,0.3081 ,张莉,何小红,2015.08.01,,,,,,
H,I-12,50cm*50cm,像老,,Sibbaldia pentaphylla,3.2,1.8,1.6,1.4,0.8,1.6,1,0.5,0.6,0.5,2.2,0.2393,张莉,何小红,2015.08.01,,,,,,
H,I-13,50cm*50cm,像老,,Sibbaldia pentaphylla,1.1,1.3,0.9,1,1.1,1,1.1,1.2,1.3,1.4,1,0.7817 ,张莉,何小红,2015.08.01,,,,,,
H,I-2,50cm*50cm,像老？,,Sibbaldia pentaphylla,1.1,0.9,1.1,0.8,0.4,0.4,0.5,0.4,0.1,0.8,4,0.9968 ,张莉,彭阿辉,2015.07.24,,,,,,
H,I-1,50cm*50cm,羊茅,,Festuca forrestii,4.5,3.5,1.1,2.2,3,1.1,2.5,3.2,4.5,3.2,1,0.8879 ,张莉,彭阿辉,2015.07.24,,,,,,
H,I-2,50cm*50cm,羊茅,,Festuca forrestii,3.5,5.5,3.6,2.9,4.3,4.5,3.4,4.3,2.1,2.5,3,2.0549 ,张莉,彭阿辉,2015.07.24,,,,,,
H,I-3,50cm*50cm,羊茅,,Festuca forrestii,5.3,4.8,4.6,5.5,6.2,4.3,3.8,4.1,5,4.2,3,1.1158 ,张莉,彭阿辉,2015.07.25,,,,,,
H,I-5,50cm*50cm,羊茅,,Festuca forrestii,4.3,3.5,,,,,,,,,0.1,0.0158 ,张莉,谭开军,2015.07.26,,,,,,
H,I-6,50cm*50cm,羊茅,,Festuca forrestii,2.1,2.5,,,,,,,,,0.5,,张莉,谭开军,2015.07.26,,,,,,
H,I-8,50cm*50cm,羊茅,,Festuca forrestii,4.5,3.4,,,,,,,,,3,0.4636 ,张莉,谭开军,2015.07.26,,,,,,
H,I-9,50cm*50cm,羊茅,,Festuca forrestii,4.5,,,,,,,,,,0.5,0.3725 ,张莉,彭阿辉,2015.07.29,,,,,,
H,I-10,50cm*50cm,羊茅,,Festuca forrestii,,,,,,,,,,,0.4,0.1023 ,张莉,何小红,2015.08.01,,,,,,
H,I-11,50cm*50cm,羊茅,,Festuca forrestii,4.8,5.3,3.8,,,,,,,,4.2,1.6414 ,张莉,何小红,2015.08.01,,,,,,
H,I-12,50cm*50cm,羊茅,,Festuca forrestii,4.5,,,,,,,,,,1,0.3322 ,张莉,何小红,2015.08.01,,,,,,
H,I-1,50cm*50cm,圆穗蓼,,Polygonum macrophyllum,1.1,2.5,1.8,3.2,3.3,5.5,3.6,2.1,3.7,2.1,20,0.6757 ,张莉,彭阿辉,2015.07.24,,,,,,
H,I-2,50cm*50cm,圆穗蓼,,Polygonum macrophyllum,1.5,1.9,2.1,1.6,2.1,2.2,2.1,1.1,1.2,3,4,0.2737 ,张莉,彭阿辉,2015.07.24,,,,,,
H,I-3,50cm*50cm,圆穗蓼,,Polygonum macrophyllum,3.1,1.1,1.5,1.1,2.8,2.9,1.8,1.4,1.1,2.1,2,0.3511 ,张莉,彭阿辉,2015.07.25,,,,,,
H,I-4,50cm*50cm,圆穗蓼,,Polygonum macrophyllum,1.8,1.2,1,3,1.1,2,1.8,1.1,1.2,1.8,4.7,0.4755 ,张莉,彭阿辉,2015.07.25,,,,,,
H,I-5,50cm*50cm,圆穗蓼,,Polygonum macrophyllum,1.7,1.1,0.8,2.1,0.9,0.7,1.5,14,1.1,2.3,2,0.2289 ,张莉,谭开军,2015.07.26,,,,,,
H,I-6,50cm*50cm,圆穗蓼,,Polygonum macrophyllum,1.5,0.9,1.5,1.1,1.1,1.2,0.8,1.5,1.2,1.3,3.5,0.4583 ,张莉,谭开军,2015.07.26,,,,,,
H,I-7,50cm*50cm,圆穗蓼,,Polygonum macrophyllum,1.8,2.5,2.4,4.1,3.7,1.2,4,2.3,2.2,3,2,0.3848 ,张莉,谭开军,2015.07.26,,,,,,
H,I-8,50cm*50cm,圆穗蓼,,Polygonum macrophyllum,2,2.1,1.1,2.8,2.2,1.3,1.2,2.1,2,1.8,2.5,0.6904 ,张莉,谭开军,2015.07.26,,,,,,
H,I-9,50cm*50cm,圆穗蓼,,Polygonum macrophyllum,1.1,1.5,1.7,1.1,1.4,0.8,1.8,0.5,1.8,1.5,2,0.3741 ,张莉,彭阿辉,2015.07.29,,,,,,
H,I-10,50cm*50cm,圆穗蓼,,Polygonum macrophyllum,1.8,1.1,0.8,1.2,1.8,0.4,1.1,2.8,1.4,2.1,3,0.3209 ,张莉,何小红,2015.08.01,,,,,,
H,I-11,50cm*50cm,圆穗蓼,,Polygonum macrophyllum,0.9,0.8,2.3,1.8,2.1,1.8,2.7,2.6,1.8,1,5,0.4256 ,张莉,何小红,2015.08.01,,,,,,
H,I-12,50cm*50cm,圆穗蓼,,Polygonum macrophyllum,0.8,0.7,0.5,1.3,1.8,1.1,1.2,2.2,2.1,0.8,2.5,0.3996 ,张莉,何小红,2015.08.01,,,,,,
H,I-13,50cm*50cm,圆穗蓼,,Polygonum macrophyllum,1.1,0.6,1.3,0.9,3.4,3.2,1.1,1.8,2.2,2.3,6,1.1167 ,张莉,何小红,2015.08.01,,,,,,
H,I-1,50cm*50cm,圆叶小堇菜,,Viola biflora var. rockiana ,1.2,0.8,1.1,,,,,,,,0.1,0.0345 ,张莉,彭阿辉,2015.07.24,,,,,,
H,I-2,50cm*50cm,圆叶小堇菜,,Viola biflora var. rockiana ,0.5,1,0.6,0.4,0.5,0.8,0.6,0.6,0.8,0.6,2,0.3107 ,张莉,彭阿辉,2015.07.24,,,,,,
H,I-3,50cm*50cm,圆叶小堇菜,,Viola biflora var. rockiana ,2.1,1.8,1.2,,,,,,,,3,0.1961 ,张莉,彭阿辉,2015.07.25,,,,,,
H,I-4,50cm*50cm,圆叶小堇菜,,Viola biflora var. rockiana ,0.4,0.3,0.6,0.8,0.6,0.4,0.5,0.3,0.8,,1.3,0.2992 ,张莉,彭阿辉,2015.07.25,,,,,,
H,I-5,50cm*50cm,圆叶小堇菜,,Viola biflora var. rockiana ,0.5,0.3,0.4,0.2,,,,,,,0.4,0.0366 ,张莉,谭开军,2015.07.26,,,,,,
H,I-6,50cm*50cm,圆叶小堇菜,,Viola biflora var. rockiana ,1,,,,,,,,,,0.4,0.0791 ,张莉,谭开军,2015.07.26,,,,,,
H,I-7,50cm*50cm,圆叶小堇菜,,Viola biflora var. rockiana ,0.4,0.5,0.3,0.4,1.5,0.4,0.4,0.5,0.6,0.5,0.8,0.3586 ,张莉,谭开军,2015.07.26,,,,,,
H,I-8,50cm*50cm,圆叶小堇菜,,Viola biflora var. rockiana ,0.8,0.7,0.4,0.5,1.2,1.2,1,0.8,0.4,1,1.5,0.3031 ,张莉,谭开军,2015.07.26,,,,,,
H,I-9,50cm*50cm,圆叶小堇菜,,Viola biflora var. rockiana ,0.6,0.8,1.1,2.3,2.5,1.6,1.8,0.4,0.3,0.4,2,0.2234 ,张莉,彭阿辉,2015.07.29,,,,,,
H,I-10,50cm*50cm,圆叶小堇菜,,Viola biflora var. rockiana ,0.4,0.3,0.5,0.8,0.4,0.3,,,,,5,0.0954 ,张莉,何小红,2015.08.01,,,,,,
H,I-11,50cm*50cm,圆叶小堇菜,,Viola biflora var. rockiana ,1.8,2.3,2.1,1.2,1.1,0.8,0.7,0.6,0.6,0.7,1.8,0.2031 ,张莉,何小红,2015.08.01,,,,,,
H,I-12,50cm*50cm,圆叶小堇菜,,Viola biflora var. rockiana ,1.1,1.3,0.5,0.8,1.8,0.7,,,,,0.8,0.0825 ,张莉,何小红,2015.08.01,,,,,,
H,I-13,50cm*50cm,圆叶小堇菜,,Viola biflora var. rockiana ,1.6,1.5,1.2,1.8,,,,,,,0.1,0.1943 ,张莉,何小红,2015.08.01,,,,,,
H,I-6,50cm*50cm,云南棘豆,,Astragalus skythropos,4.2,,,,,,,,,,0.8,0.2757 ,张莉,谭开军,2015.07.26,,,,,,
H,I-12,50cm*50cm,云南棘豆,,Astragalus skythropos,3.4,1.5,2.3,,,,,,,,4,1.2003 ,张莉,何小红,2015.08.01,,,,,,
H,I-1,50cm*50cm,獐牙菜,,Halenia elliptica,2,,,,,,,,,,0.1,0.0078 ,张莉,彭阿辉,2015.07.24,,,,,,
H,I-1,50cm*50cm,中苔草,,Kobresia.sp4,5,8.2,4.5,4.7,5.5,3.4,7.7,3.6,4.5,1.8,4,2.9661 ,张莉,彭阿辉,2015.07.24,,,,,,
H,I-2,50cm*50cm,中苔草,,Kobresia.sp4,5.1,2.5,3.1,3.1,3.8,2.8,2.9,6.8,3.3,5.1,13,5.8639 ,张莉,彭阿辉,2015.07.24,,,,,,
H,I-3,50cm*50cm,中苔草,,Kobresia.sp4,3.4,4.1,4.5,4.3,4.6,4.2,5.1,3.8,6.2,5.5,3.4,2.7848 ,张莉,彭阿辉,2015.07.25,,,,,,
H,I-4,50cm*50cm,中苔草,,Kobresia.sp4,3,3.3,2.9,1.8,2.1,2.8,2.2,4.1,5.5,4.8,8,4.0793 ,张莉,彭阿辉,2015.07.25,,,,,,
H,I-5,50cm*50cm,中苔草,,Kobresia.sp4,7.8,3.3,3.5,4.1,,,,,,,4,1.8053 ,张莉,谭开军,2015.07.26,,,,,,
H,I-7,50cm*50cm,中苔草,,Kobresia.sp4,7.5,6.2,6.5,3.4,5.6,3.5,6.7,6,6.2,4.3,3,2.6028 ,张莉,谭开军,2015.07.26,,,,,,
H,I-10,50cm*50cm,中苔草,,Kobresia.sp4,6.4,4.5,4.3,4.1,3.7,3.6,8.2,3.5,4.3,3.6,6,4.7146 ,张莉,何小红,2015.08.01,,,,,,
H,I-11,50cm*50cm,中苔草,,Kobresia.sp4,1.8,2.3,3.1,5.3,3.4,4.2,3.5,4.2,4.8,4.4,6,1.7694 ,张莉,何小红,2015.08.01,,,,,,
H,I-12,50cm*50cm,中苔草,,Kobresia.sp4,5.6,,,,,,,,,,1,0.3359,张莉,何小红,2015.08.01,,,,,,
H,I-13,50cm*50cm,中苔草,,Kobresia.sp4,7.8,3.4,4.3,3.5,3.4,3.2,,,,,3.5,1.7672 ,张莉,何小红,2015.08.01,,,,,,
H,I-1,50cm*50cm,紫菀,,Aster asteroides,0.5,,,,,,,,,,0.5,0.0347 ,张莉,彭阿辉,2015.07.24,,,,,,
H,I-2,50cm*50cm,紫菀,,Aster asteroides,1.8,1.8,0.5,0.8,1,1,0.4,0.1,0.9,0.8,3,0.2747 ,张莉,彭阿辉,2015.07.24,,,,,,
H,I-3,50cm*50cm,紫菀,,Aster asteroides,1.2,1.1,0.8,1.3,1.1,1.2,2.5,1.3,1,0.8,3.8,0.5549 ,张莉,彭阿辉,2015.07.25,,,,,,
H,I-4,50cm*50cm,紫菀,,Aster asteroides,1.2,1.3,,,,,,,,,0.2,0.0174 ,张莉,彭阿辉,2015.07.25,,,,,,
H,I-5,50cm*50cm,紫菀,,Aster asteroides,0.9,0.8,0.5,0.5,0.4,0.5,0.7,0.6,0.7,0.8,3,0.7161 ,张莉,谭开军,2015.07.26,,,,,,
H,I-6,50cm*50cm,紫菀,,Aster asteroides,1.1,0.5,0.8,0.8,1.1,1.1,0.8,1.1,0.9,0.8,1.5,0.2299 ,张莉,谭开军,2015.07.26,,,,,,
H,I-7,50cm*50cm,紫菀,,Aster asteroides,1.9,1.6,2.2,1.1,1.1,12,0.5,2.2,1.8,0.5,2,0.1124 ,张莉,谭开军,2015.07.26,,,,,,
H,I-8,50cm*50cm,紫菀,,Aster asteroides,2.1,1.8,1.2,1.1,0.8,1.3,1.2,2.4,1.8,0.5,2.5,0.2331 ,张莉,谭开军,2015.07.26,,,,,,
H,I-9,50cm*50cm,紫菀,,Aster asteroides,1.5,0.5,0.9,,,,,,,,0.8,0.1647 ,张莉,彭阿辉,2015.07.29,,,,,,
H,I-11,50cm*50cm,紫菀,,Aster asteroides,1.4,0.9,1.1,1.3,1.1,1.2,0.9,0.7,0.5,0.3,4.5,0.1748 ,张莉,何小红,2015.08.01,,,,,,
H,I-13,50cm*50cm,紫菀,,Aster asteroides,1.5,1.8,,,,,,,,,0.2,0.2733 ,张莉,何小红,2015.08.01,,,,,,
